label,side
ec,1
Reggaetón Lento (Bailemos),0
Chantaje,0
Otra Vez (feat. J Balvin),0
Vente Pa' Ca,0
Safari,0
La Bicicleta,0
Ay Mi Dios,0
Andas En Mi Cabeza,0
Traicionera,0
Vacaciones,0
Let Me Love You,0
Borro Cassette,0
24K Magic,0
Me Llamas (feat. Maluma) - Remix,0
Por Fin Te Encontré,0
Rockabye (feat. Sean Paul & Anne-Marie),0
Enamorándonos,0
Te Quiero Pa´Mi,0
"Diles (feat. Arcangel, Nengo Flow, Dj Luian & Mambo Kings)",0
Manicomio,0
I Feel It Coming,0
Work from Home,0
El Perdedor - The Remix,0
Trumpets,0
Me Rehúso,0
"Sola (Remix) [feat. Daddy Yankee, Wisin, Farruko, Zion & Lennox]",0
Que Raro,0
Just Hold On,0
Photograph,0
Thinking Out Loud,0
Bajo el agua,0
Una y otra vez,0
Caraluna,0
Vuelve,0
Caminar de Tu Mano,0
Llegaste tú (feat. Reykon),0
Cómo Te Atreves,0
Soy Peor,0
All Night,0
Shape of You,0
"How Far I'll Go - From ""Moana""",0
Despacito (Featuring Daddy Yankee),0
Sigo Extrañándote,0
El Amante,0
Lumbra,0
Si Tú La Ves,0
La Rompe Corazones,0
Al Filo de Tu Amor,0
Destino o Casualidad,0
La flaca,0
Believer,0
Sé Que Te Duele,0
Chained To The Rhythm,0
Alguien Robo,0
That's What I Like,0
How Would You Feel (Paean),0
Me Gusta - Remix,0
Something Just Like This,0
SUBEME LA RADIO,0
Perfect,0
Galway Girl,0
Hula Hoop,0
Hey Ma (with Pitbull & J Balvin feat. Camila Cabello) - Spanish Version,0
Ahora Dice,0
Escápate Conmigo,0
Symphony (feat. Zara Larsson),0
Amor Con Hielo,0
Swalla (feat. Nicki Minaj & Ty Dolla $ign),0
Me Enamoré,0
Hey DJ,0
Báilame,0
Una Lady Como Tú,0
There's Nothing Holdin' Me Back,0
Felices los 4,0
Besándote,0
Attention,0
Tu Foto,0
A Ella,0
Mi Religión,0
Strip That Down,0
Loca (feat. Cali Y El Dandee),0
There for You,0
Perro Fiel,0
Ahora Me Llama,0
Bonita,0
Besame,0
2U (feat. Justin Bieber),0
Mala Mujer,0
Esa Boquita,0
Feels,0
Devuélveme El Corazón,0
"Ayer 2 (feat. Dj Nelson, J Balvin, Nicky Jam, Cosculluela)",0
Wild Thoughts,0
Imitadora,0
Loco Enamorado,0
"Soy Peor Remix (feat. J Balvin, Ozuna & Arcangel)",0
Bebe (feat. Anuel AA),0
Mi Gente,0
Get Low (with Liam Payne),0
Escápate Conmigo - Remix,0
Vivo Pensando En Ti,0
Mayores,0
New Rules,0
Bella y Sensual,0
Back to You (feat. Bebe Rexha & Digital Farm Animals),0
El Farsante,0
Robarte un Beso,0
Would You Ever,0
La Estrategia,0
Báilame - Remix,0
Una Lady Como Tú - Remix,0
Krippy Kush,0
Que Va,0
Olha a Explosão,0
Explícale,0
Se Preparó,0
Havana,0
3 A.M.,0
Sexto Sentido (feat. Bad Bunny),0
Criminal,0
Tú Foto,0
Sígueme Bailando,0
What Lovers Do (feat. SZA),0
Suena El Dembow,0
Too Good At Goodbyes - Edit,0
Dusk Till Dawn - Radio Edit,0
Como Antes,0
Too Good At Goodbyes,0
No vaya a ser,0
Cásate Conmigo,0
La Formula (feat. Chris Jeday),0
rockstar,0
Happy Happy,0
Quiero Repetir,0
Díganle,0
Por Hacerme el Bueno,0
Ahora Me Llama - Remix,0
Solo,0
SUTRA,0
Mi Mala,0
Mamita,0
Déjala Que Vuelva (feat. Manuel Turizo),0
Wolves,0
Bella,0
Solo a Solas (feat. Maluma),0
Gucci Gang,0
Por Pura Curiosidad,0
Corazón,0
Sensualidad,0
Besos En Guerra,0
Romance,0
Mala y Peligrosa,0
Nuestro Secreto,0
"Amor, Amor, Amor",0
#Natural,0
Havana - Remix,0
Síguelo Bailando,0
Échame La Culpa,0
Downtown,0
Amantes,0
GPS,0
Vitamina,0
23,0
Déjate Llevar,0
Perfect Duet (Ed Sheeran & Beyoncé),0
Todo Comienza en la Disco,0
Chambea,0
Esperándote,0
Dembow,0
Háblame Bajito,0
fr,1
Human,0
Réalité augmentée,0
Final Song,0
Blow,0
Tout donner - Pilule Violette,0
Love Me Now,0
Elle et l'autre,0
Poussière,0
Le regard des gens,0
Shed a Light,0
Nador,0
Jusqu'au dernier gramme,0
Alone,0
Qui a dit ?,0
Programmé,0
Thibaut Courtois,0
Bambina,0
La bise (feat. Brulux),0
Wherever I Go,0
Luz de Luna,0
J'ai déconné,0
J’aurais pas dû,0
Now and Later,0
Don't Leave,0
Souviens-toi,0
Lies,0
Premier étage,0
Solo Dance,0
Sexual,0
Ma cité a craqué,0
September Song,0
Sooner Or Later,0
Afro Trap Pt. 8 (Never),0
Stay (with Alessia Cara),0
Grand Paris,0
Water Under the Bridge,0
Personne,0
Catalogués bandits,0
Mauvais comportement,0
Dans la cité,0
Your Mind (feat. Kristen Marie),0
Portland,0
Colonel Carrillo,0
Double h,0
Oh bah oui,0
2 Pac,0
La dolce vita,0
Tristi,0
20 bouteilles,0
La cour des grands,0
Comme si,0
J'suis dans l'baye,0
Good Life (with G-Eazy & Kehlani),0
Lighthouse - Andrelli Remix,0
The Cure,0
Unforgettable,0
Poupée russe,0
Γ. Mosaïque solitaire,0
Θ. Macarena,0
Ε. Signaler,0
N. J Respect R,0
Bon appétit,0
Thunder,0
Reine,0
À part ça,0
Whatever It Takes,0
Pretty Girl - Cheat Codes X CADE Remix,0
Je ne me vois pas briller,0
1-800-273-8255,0
Petit déjeuner,0
Venice,0
Apollo13,0
Fly (feat. Amara Abonta),0
How Many Times,0
Mamamia,0
Your Song,0
"Know No Better (feat. Travis Scott, Camila Cabello & Quavo)",0
Comportement,0
Old Man,0
Beely,0
Bravo,0
Feel It Still,0
Avancer,0
Overnight,0
Dommage,0
Danser,0
Signs,0
Pourquoi chérie,0
Ma jolie,0
C'est pas ma faute,0
Mobali,0
C'est une frappe,0
All Stars,0
Mamacita,0
Nougat,0
Réseaux,0
Sors de ma tête,0
Glorious (feat. Skylar Grey),0
Fetish (feat. Gucci Mane),0
Sorry Not Sorry,0
Je pense à toi,0
Caramelo,0
Without You (feat. Sandro Cavazza),0
What About Us,0
Lonely Together (feat. Rita Ora),0
Friends (with BloodPop®),0
Silence,0
I Like Me Better,0
Look What You Made Me Do,0
Terrain,0
Papa allo,0
No Roots,0
Katchi (Ofenbach vs. Nick Waterhouse),0
Comme prévu,0
De l'autre côté (feat. Nekfeu),0
Lové (feat. Gradur),0
Rx (Medicate),0
Madre mia (feat. Ninho),0
Ça va aller,0
Super Far,0
Basique,0
Tuba Life,0
Story X,0
Medellín,0
Salé,0
La wewer,0
Twerk dans l'binks,0
Favélas,0
A Different Way (with Lauv),0
Drôle de dame,0
Stargazing,0
Maghrébin,0
Mi Gente (feat. Beyoncé),0
Shine on my Way,0
O'KCLH,0
Mwaka Moon,0
"Je suis gninnin, je suis bien",0
Catchu Catchu,0
Let You Down,0
Défaite de famille,0
La fête est finie,0
Christophe (feat. Maître Gims),0
Notes pour trop tard (feat. Ibeyi),0
Tout va bien,0
La tête dans les nuages,0
I Miss You (feat. Julia Michaels),0
Bling Bling,0
Diarabi,0
Dirty Sexy Money (feat. Charli XCX & French Montana),0
Man's Not Hot,0
Caméléon,0
États d'Amour,0
Noche,0
Veux-tu ?,0
Sous contrôle,0
Par amour,0
Bob Marley,0
All I Want for Christmas Is You,0
Henrico,0
Centurion,0
Trône,0
Friday,0
113,0
Drapeau noir,0
Ridin',0
Petite fille,0
Bouyon,0
Magnifique,0
À la folie,0
DKR - Bonus Track,0
Tueurs,0
Je vais t'oublier,0
Délicieuse,0
So Far Away,0
Je te promets,0
Him & I (with Halsey),0
ar,1
Cuando Se Pone a Bailar,0
La Noche No Es para Dormir,0
Sin Contrato - Remix,0
Traicionera - Remix,0
Hasta Que Se Seque el Malecón - Remix,0
Ruleta Rusa,0
Mi Tesoro (feat. Nicky Jam),0
De Pies a Cabeza,0
El Chisme,0
Acércate (feat. Nicky Jam) - Remix,0
Otra Copa (feat. Farruko),0
Amor para un Rato,0
Piel a Piel,0
Tu No Vive Asi (feat. Mambo Kingz & DJ Luian),0
Otra Cosa,0
"Simple (feat. Cosculluela, Nengo Flow & Baby Rasta y Gringo)",0
Cold,0
Nunca Me Olvides - Remix,0
Baila Morena,0
Intento,0
Egoísta,0
Me Acostumbre (feat. Bad Bunny),0
Despacito - Remix,0
Qué Me Has Hecho,0
Mil Horas,0
Una y Otra Vez,0
I'm the One,0
Oncemil,0
Déjame te explico,0
Puti Short,0
La Quiero Conocer,0
Un Ratito Mas,0
Crying in the Club,0
Blockia,0
Buscando Huellas (feat. J Balvin & Sean Paul),0
Quédate Conmigo,0
Lejos,0
Me Gustas,0
El Amante - Remix,0
Netflixxx,0
Tu No Metes Cabra,0
Besarte,0
B.U.H.O (feat. Duki & Klave),0
Como Tú,0
Terremoto Pa Tu Cola,0
Hello Cotto,0
Te Quiero Más,0
"Tu No Metes Cabra Remix (feat. Daddy Yankee, Anuel AA & Cosculluela)",0
She Don't Give a FO (feat. Khea),0
Que Rico Baila,0
El Desorden,0
Loca,0
Rockstar,0
Dime Cosas Lindas,0
Condenado Para el Millon,0
fi,1
Mist sä tuut Part 2,0
Lujaa (feat. Pete Parkkonen),0
Enemmän kuin valmis,0
Don't Wanna Know,0
Inside the Lines,0
Vikat hitaat (feat. Mäkki),0
Murhaaja,0
Siivet,0
Peruskallio,0
Routine,0
In the Name of Love,0
Made Of Stone,0
Bujaka (feat. Sharon),0
My Way,0
Pauhaava Sydän - Vain Elämää Kausi 5,0
Bad and Boujee (feat. Lil Uzi Vert),0
Starving,0
We Don't Talk Anymore (feat. Selena Gomez),0
Muistikuvien Vanki,0
Suudellaan (Vain elämää kausi 5),0
On Niin Paljon Mitä Menettää,0
Pakastin,0
Cake,0
Jano,0
Mun Kaa,0
Huonoo Seuraa,0
Run Up (feat. PARTYNEXTDOOR & Nicki Minaj),0
Rullaan,0
Yhtäccii,0
Teneriffan Tuliaiset,0
En Pysty Lopettaa,0
I Love You,0
Rakkaudesta,0
Don't Let Go,0
All I Need,0
"Helium - From ""Fifty Shades Darker (Original Motion Picture Soundtrack)""",0
F.F.F. (feat. G-Eazy),0
Slide,0
Nälkä,0
Westside Story,0
Tänään Ei Nukuta,0
Talk About It,0
Ajetaan tandemilla,0
Tää rakkaus ei lopu koskaan,0
Laula lujempaa (Show Must Go On),0
Saatanan Zen,0
Terveisin mä,0
Urheiluhullu,0
Selfish,0
Kriipii,0
Won't Let You Go,0
TG4M,0
Minä suojelen sinua kaikelta,0
Ai Ai Ai,0
For The Love,0
Sun Comes up (feat. Ariadne),0
Rihanna (feat. Heikki Kuula),0
Obsession (feat. Jon Bellion),0
Tuuleksi Taivaanrantaan - Vain Elämää Kausi 6,0
Hunter,0
Kymmenen Kirosanaa - Vain Elämää Kausi 6,0
Malibu,0
Mitä Jos,0
Tempo,0
Reminding Me,0
Hollywood Hills - Vain Elämää Kausi 6,0
Ei nyt,0
Mä En Haluu Tietää,0
Redbone,0
Mul Oli Ikävä Mua,0
Isä Tulee,0
Rakasta mut palasiks (feat. Reino Nordin),0
Instruction (feat. Demi Lovato & Stefflon Don),0
All I Ever Do (Is Say Goodbye),0
Korjaan sut,0
The Way I Love Her,0
Se oikea,0
Lääkitys kunnossa,0
Feel Good,0
Vaikee Mut Oikee,0
xDlsd (feat. Mahku),0
All My Love (feat. Conor Maynard),0
Tauti,0
Älä jätä roikkuu,0
Hombre (feat. Vesala),0
Kruunu tikittää (feat. Tippa-T),0
En sun kaa (feat. Bizi),0
Tornado,0
Kaikki mitä rakastin,0
Miami,0
I Believe I'm Fine,0
Tuntematon,0
Malagaan (Vain elämää kausi 7),0
"Kynnet, Kynnet",0
Sammakko (feat. STIG),0
Maailman Laidalla,0
Good Old Days (feat. Kesha),0
Carry You Home,0
All The Love,0
Kelpaat kelle vaan (Vain elämää kausi 7) [feat. Apocalyptica],0
Coming Up,0
Anywhere,0
Sydän vähän kallellaan (Vain elämää kausi 7),0
Tää On Se Maa,0
Glitteri,0
All Falls Down,0
All About You,0
Take Her Place (feat. A R I Z O N A),0
MotorSport,0
Nössö,0
Tip Toe (feat. French Montana),0
Enkelit,0
Manteli,0
Last Christmas,0
Mistletoe,0
Tulkoon joulu,0
Kaadutaan,0
Samase (feat. Mikael Gabriel),0
Solmussa (feat. BEHM),0
Päällekkäin,0
Monaco,0
no,1
Fake Love,0
Starboy - Kygo Remix,0
"Sucker For Pain (with Wiz Khalifa, Imagine Dragons, Logic & Ty Dolla $ign feat. X Ambassadors)",0
Love On Me,0
Alarm,0
This Town,0
Alive,0
Selmas sang (fra Snøfall),0
Here We Go Again,0
Lot to Learn,0
Engler i sne,0
Himmel På Jord,0
Home for Christmas,0
Wasting Your Time (feat. Alida),0
So Good,0
Wake Up Alone,0
"Bom Bidi Bom - From ""Fifty Shades Darker (Original Motion Picture Soundtrack)""",0
Go Flex,0
"Cruise - From ""Fifty Shades Darker (Original Motion Picture Soundtrack)""",0
Barcelona,0
Thumbs,0
XO TOUR Llif3,0
Baymax 2017,0
Now Or Never,0
Echo,0
Skaperen 2017,0
Plot Twist,0
Verdiløs,0
Ikke si det til pappa,0
Loving You Girl,0
Rollin,0
Vibe,0
Cold Blood,0
If You Love Me (feat. Tunji Ige),0
Bungalow,0
Intrigued,0
What Do I Do,0
Tired - Kygo Remix,0
All Your Friends,0
Questions,0
I Get The Bag (feat. Migos),0
Think Before I Talk,0
Jocelyn Flores,0
"Let Me Go (with Alesso, Florida Georgia Line & watt)",0
The Spectre,0
Kaleidoscope,0
Meant to Be (feat. Florida Georgia Line),0
Candy Paint,0
I Fall Apart,0
Pray,0
Karl Johan,0
Walls,0
Dør for deg,0
Strongest,0
Stranger Things,0
Incapable,0
Santa's Coming For Us,0
Jul i svingen,0
Cruel World,0
Snowman,0
It's Beginning To Look A Lot Like Christmas,0
Stjernesludd,0
Driving Home For Christmas,0
Have Yourself A Merry Little Christmas,0
"Let It Snow, Let It Snow, Let It Snow",0
Når julen kommer,0
Fairytale of New York (feat. Kirsty MacColl),0
Santa Tell Me,0
Christmas Lights,0
Svingensongen,0
"Home (with Machine Gun Kelly, X Ambassadors & Bebe Rexha)",0
Alt jeg ønsker meg,0
Happy Xmas (War Is Over) - 2010 Digital Remaster,0
"Everglow - Single Version, Radio Edit",0
O Helga Natt,0
Gje Meg Handa Di Venn - feat. Helene Bøksle,0
Nå Tennes Tusen Julelys,0
Jingle Bell Rock,0
Hei Ha Na Er Det Jul Igjen,0
I'll Be Home,0
Under treet,0
It's the Most Wonderful Time of the Year,0
Cold December Night,0
Santa Baby,0
Nordnorsk julesalme,0
Santa Claus Is Coming To Town,0
Let It Snow! Let It Snow! Let It Snow!,0
Winter Wonderland,0
Rett i foret,0
it,1
Ninna Nanna,0
All We Know,0
Lost on You,0
New Dawns,0
7 Years,0
Visiera A Becco,0
Don Medellín,0
Completamente,0
Buongiorno,0
Veleno 6,0
Chic,0
Comunque andare,0
Weak,0
Meglio tardi che noi,0
Tutta Colpa Mia,0
Nel mezzo di un applauso,0
Ora esisti solo tu,0
What Do I Know?,0
New Man,0
Faccio un casino,0
Allenamento #2,0
Sold Out,0
Tu sei (feat. Danti),0
Pamplona,0
Dipinto Di Blu,0
Stavo Pensando A Te,0
Break Up Every Night,0
Freud (feat. J-Ax),0
E yo mamma,0
No Vacancy,0
Tra le granite e le granate,0
Wild Bandana,0
La musica non c'è,0
Le luci della città,0
Happy Days,0
Senza Pagare VS T-Pain,0
Hot2Touch,0
Wasabi 2.0,0
Magazine,0
OK,0
Ricchi Dentro,0
Habibi,0
Vida,0
More Than You Know,0
Voglio ballare con te,0
Tran Tran,0
TOO MUCH,0
Bene ma non benissimo,0
El Party,0
Allenamento #3,0
Riccione,0
Yankee Candle,0
Lamborghini,0
Scarafaggio,0
Butterfly Effect,0
Sempre In Due,0
Prisoner 709,0
Milano Bachata,0
Ti Fa Stare Bene,0
Oro E Argento,0
Fino all'imbrunire,0
Gameboy Color,0
Direzione la vita,0
Leave a Light On,0
Giovane Fuoriclasse,0
Diablo,0
Nevermind,0
Linda,0
Sconosciuti da una vita,0
Italieno (feat. Vegas Jones),0
No Vacancy (feat. Amir),0
She's On My Mind,0
Poetica,0
Disgusting,0
"Oh, Vita!",0
Occupato,0
Guarda come flexo,0
Trapano,0
La legge del più forte,0
Irraggiungibile (feat. Federica),0
Io non abito al mare,0
Magicabula,0
Perdonami,0
Favorisca i sentimenti,0
Chosen,0
L'amore è,0
Dende,0
RAP (feat. Izi),0
Come neve,0
"6 A.M. (feat. Guè Pequeno, Izi)",0
Vengo dalla luna,0
lt,1
Black Beatles,0
Bad Things (with Camila Cabello),0
Sunset Lover,0
Mercy,0
I Would Like,0
Steady 1234 (feat. Jasmine Thompson & Skizzy Mars),0
All Time Low,0
I Got You,0
Castle on the Hill,0
Romantic - NOTD Remix,0
It's Gotta Be You,0
History,0
Oceans Away,0
Love On The Brain,0
Green Light,0
ph,1
Say You Won't Let Go,0
Perfect Strangers,0
"I Don’t Wanna Live Forever (Fifty Shades Darker) - From ""Fifty Shades Darker (Original Motion Picture Soundtrack)""",0
Fresh Eyes,0
Sila,0
Scars To Your Beautiful,0
Pasensya Ka Na,0
Trust Nobody (feat. Selena Gomez & Tory Lanez),0
You & Me,0
Tadhana,0
Malaya (Camp Sawi Original Motion Picture Soundtrack),0
Stay - On the Wings of Love Teleserye Theme,0
Hear Me Now,0
Hanggang Kailan,0
Your Love - Dolce Amore Teleserye Theme,0
Sa'yo,0
Migraine,0
The Scientist,0
Heathens,0
Hiling,0
Tell Me Where It Hurts,0
I'm Not The Only One,0
So Sick,0
Light,0
Too Good To Say Goodbye,0
Make Me (Cry),0
Take A Bow - Main,0
Not Going Home,0
Ang Huling El Bimbo,0
Friend of Mine,0
Starting over Again,0
Versace On The Floor,0
Paris,0
New York And Back,0
Dahil Sa'Yo,0
Touch,0
ILYSB,0
Beautiful,0
Scared to Be Lonely,0
Why Can't It Be,0
Congratulations,0
Kung Wala Ka,0
Happier,0
Dive,0
Supermarket Flowers,0
Hearts Don't Break Around Here,0
Eraser,0
Bibia Be Ye Ye,0
Nancy Mulligan,0
ILYSB - STRIPPED,0
Location,0
Mask Off,0
You Don't Know Me - Radio Edit,0
At My Best (feat. Hailee Steinfeld),0
The One,0
No Promises (feat. Demi Lovato),0
Heatstroke,0
HUMBLE.,0
Hard Times,0
Middle Of The Night,0
First Time,0
Slow Hands,0
Mama,0
Quit (feat. Ariana Grande),0
Nights With You,0
Swish Swish,0
The Way I Are (Dance With Somebody) [feat. Lil Wayne],0
Tired,0
13,0
"Tag-ulan (Original Soundtrack of ""Luck At First Sight"")",0
Can I Be Him,0
Came Here for Love,0
Cool Down,0
Homemade Dynamite,0
Young Dumb & Broke,0
Di Makatulog,0
Rain,0
Rich Love (with Seeb),0
"Two Less Lonely People in the World (Official Movie Theme Song Of ""Kita Kita"")",0
Boys,0
Sober,0
(Not) The One,0
"Balisong (Theme Song of the Movie ""100 Tula Para Kay Stella"")",0
Wait,0
Bodak Yellow,0
"Torete - From ""Love You to the Stars And Back""",0
...Ready For It?,0
Too Much To Ask,0
"Homemade Dynamite (Feat. Khalid, Post Malone & SZA) - REMIX",0
DNA,0
Love Me Instead,0
Malayo Na Tayo,0
Easy Love,0
"Sundo - From ""The Good Son""",0
We Could Go Back,0
Just Like You,0
Feels Great (feat. Fetty Wap & CVBZ),0
Titibo-Tibo,0
New,0
Personal,0
Gorgeous,0
Bedroom Floor,0
Don't Know What To Do (Don't Know What To Say),0
No Limit,0
Hayaan Mo Sila (Inspired by I'm the One),0
Paris in the Rain,0
MIC Drop (feat. Desiigner) [Steve Aoki Remix],0
Naked,0
End Game,0
Never Be the Same,0
tw,1
帥到分手,0
Faded,0
後來的我們,0
不為誰而作的歌,0
"你,好不好? - Ending Theme Song of TVBS Series ""Life List""",0
演員,0
Stay With Me,0
謝謝妳愛我,0
你啊你啊,0
可惜沒如果,0
One Dance,0
年輪說,0
陪妳過假日,0
"Another Day Of Sun - From ""La La Land"" Soundtrack",0
以後別做朋友,0
寂寞無害(八大韓劇”拜託了媽媽”片頭曲) - 八大韓劇”拜託了媽媽”片頭曲,0
愛.這件事情,0
她說,0
夜空中最亮的星,0
告白气球,0
鍊愛,0
Middle,0
突然好想你,0
失落沙洲,0
Some Kind Of Drug,0
光年之外 (電影 《Passengers》 中國區主題曲),0
Taped Up Heart (feat. Clara Mae),0
在沒有你以後 (feat. 張智成),0
Stay,0
Closer,0
說散就散,0
踮起腳尖愛,0
Bounce Back,0
十年,0
人質,0
It Ain't Me (with Selena Gomez),0
飄向北方,0
"不曾回來過 - 電視劇""通靈少女""插曲",0
Adventure Of A Lifetime,0
拋物線,0
家家酒,0
永不失聯的愛 [原創概念版],0
猜不透,0
那些你很冒險的夢,0
Down,0
魚仔 - 電視劇<花甲男孩轉大人>主題曲,0
讓我留在你身邊,0
We Are One,0
獨家記憶,0
醜,0
勇敢的人,0
刚好遇见你,0
Praying,0
追光者 - 電視劇夏至未至插曲,0
Why,0
誰來剪月光,0
Pizza,0
Gashina,0
Pied Piper,0
光之海,0
青春住了誰,0
現在就讓我走,0
Kids in Love,0
跳舞的梵谷,0
風衣,0
戒菸,0
幸褔路上 - 電影《幸福路上》主題曲,0
偷故事的人,0
"我多喜歡你,你會知道 - 網劇《致我們單純的小美好》推廣曲",0
偉大的渺小,0
Will You Remember Me,0
言不由衷,0
連名帶姓,0
如果雨之後,0
nz,1
Setting Fires,0
Party Monster,0
Let Me Hold You (Turn Me On),0
Catch 22 (feat. Anne-Marie),0
in my miNd,0
Make You Feel Good,0
Don’t Forget Your Roots,0
Next To You,0
White Iverson,0
Someone Like You,0
Body Like A Back Road,0
Blem,0
YAH.,0
XXX. FEAT. U2.,0
PRIDE.,0
LOVE. FEAT. ZACARI.,0
LUST.,0
Revenge,0
Power,0
Bank Account,0
Younger Now,0
Sky Walker,0
Plain Jane,0
Beautiful Trauma,0
Don’t Give It Up,0
Rivers,0
We'll Never Know,0
Ghostface Killers,0
Rolling Stone,0
Lemon,0
Woke Up Late,0
Betrayed,0
Vibes,0
Walk On Water (feat. Beyoncé),0
Up There,0
Homemade Dynamite - REMIX,0
ee,1
tr,1
Starboy,0
Affet,0
Haydi Söyle,0
Side To Side,0
Yan Benimle,0
Tuesday,0
Nilüfer,0
Bulutlara Esir Olduk,0
Bonbon - English Version,0
Beni Sen İnandır,0
Ateş Böceği,0
Senden Daha Güzel,0
Hymn For The Weekend,0
By Your Side,0
Mecnun,0
Öyle Dertli,0
Nazar,0
OMG - Radio Edit,0
Kupa Kızı Ve Sinek Valesi,0
Bana Öyle Bakma,0
Yankı,0
Deli Bile,0
Needed Me,0
Cambaz,0
Bekle Dedi Gitti - Çizik,0
Rüyalarda Buruşmuşum,0
İçimdeki Duman,0
Bir Derdim Var,0
Cevapsız Sorular,0
Haydi Gel İçelim,0
Haydar Haydar,0
Bu Kız,0
Olsun,0
Kimse Bilmez,0
No Lie,0
Manifesto,0
Baba Evi,0
Ey Benim Çocukluğum,0
Elfida,0
Benim Stilim,0
Kaktüs,0
Kıymetlim,0
Esmer,0
Sesinde Aşk Var - Mahmut Orhan Remix,0
Olay,0
iSpy (feat. Lil Yachty),0
Yan,0
Kal Bugün,0
Mi Gna (feat. Spitakci Hyko),0
Zaten Kırılmış Bir Kızsın,0
Tatlım Tatlım - Orijinal Film Müziği,0
Ne Farkeder,0
Tekamül,0
Ciao Adios,0
Seviyorsun,0
Küsme Aşka,0
Sertlik Kanında Var Hayatın,0
Beni Vur - Akustik,0
Raf,0
Dönersen Islık Çal,0
İlk Adımı Sen At,0
Neyim Var Ki (feat. Sagopa K),0
Let Me Go,0
Gel Be Gökyüzüm,0
Eteği Belinde,0
İki Cihan,0
Yorma,0
Alo,0
Geceler,0
Benim Derdim,0
Şehrimin Tadı,0
İyi Bil,0
Nefret,0
Hayır,0
Boynun Borcu,0
Bakıcaz,0
Kuzum,0
When We're High,0
Haberin Var mı?,0
Yaz,0
Move On,0
Çok Çok,0
Yolla,0
Kedi Gibi,0
Yana Döne,0
Sen Maşallah,0
Hava Çok Sıcak,0
Aşkın Kederi,0
Yalan,0
Takvim,0
Sen Olsan Bari,0
Sayın Seyirciler,0
Sıfır Tolerans - Mahmut Orhan Remix,0
Ya Bu İşler Ne,0
Sevmemeliyiz,0
Aşinayız,0
Suspus,0
Koştum Hekime,0
Sanki,0
Ruleta (feat. Erik),0
LET ME GO,0
Benden Sonra,0
Değmez,0
Ben Sana Vurgunum,0
Heyecanı Yok,0
Sandal,0
Bizim Hikaye,0
Bazen (feat. Emel),0
Senle Zor,0
Küvet,0
Six Days War - Mahmut Orhan Remix,0
İnceden İnceden,0
Ağlar mıyım? Ağlamam,0
Öptüm,0
Vermem Seni Ellere - Yol Arkadaşım Orijinal Film Müziği,0
Joga o Bum Bum Tamtam,0
Vah ki Ne Vah,0
Voyovoy,0
Donar,0
Muhbir,0
Sahiden,0
Bazı Aşklar Yarım Kalmalı,0
Beni Vurup Yerde Bırakma,0
Yaramızda Kalsın,0
Sıfır Tolerans,0
İmkansızım,0
İki Aşık,0
Karma,0
Üzülmedin mi?,0
Senden Gizledim,0
Gömün Beni Çukura,0
Mihriban,0
Gel De Uyu,0
Havalı Yarim,0
Dünya Gül Bana,0
us,1
Six Feet Under,0
goosebumps,0
Used to This,0
Too Much Sauce,0
Litty (feat. Tory Lanez),0
Moves,0
Secrets,0
Timeless (DJ SPINKING),0
Somebody Else,0
Blue Ain't Your Color,0
Skateboard P,0
The Other,0
Call Casting,0
Losin Control,0
Halfway Off The Balcony,0
Running Back (feat. Lil Wayne),0
Look at Me!,0
Slippery (feat. Gucci Mane),0
No Favors,0
Million Reasons,0
Outlet,0
Same Drugs,0
Lights Down Low,0
All We Got (feat. Kanye West & Chicago Children's Choir),0
Rent Money,0
Draco,0
Tunnel Vision,0
Everyday,0
Everyday We Lit (feat. PnB Rock),0
"Gucci On My (feat. 21 Savage, YG & Migos)",0
Up,0
Drowning (feat. Kodak Black),0
No Long Talk,0
Gyalchester,0
Get It Together,0
Jorja Interlude,0
4422,0
KMT,0
Can't Have Everything,0
The Heart Part 4,0
Everybody,0
"God, Your Mama, And Me",0
DNA.,0
BLOOD.,0
DUCKWORTH.,0
Magnolia,0
The Weekend,0
Love Galore,0
Hallelujah,0
Bad Liar,0
Bad At Love,0
Rake It Up,0
To the Max,0
Relationship (feat. Future),0
Two High,0
do re mi (feat. Gucci Mane),0
OMG,0
The Race,0
Roll In Peace (feat. XXXTENTACION),0
D Rose,0
Transportin',0
The Way Life Goes (feat. Oh Wonder),0
Sauce It Up,0
Fuck Love (feat. Trippie Redd),0
X,0
Everybody Dies In Their Nightmares,0
Tell Me You Love Me,0
Say A',0
Again,0
New Freezer (feat. Kendrick Lamar),0
Undefeated (feat. 21 Savage),0
Patek Water,0
Rubbin Off The Paint,0
Pick It Up (feat. A$AP Rocky),0
Ric Flair Drip (& Metro Boomin),0
My Choppa Hate Niggas,0
Wanted You (feat. Lil Uzi Vert),0
GUMMO,0
Rockin' Around The Christmas Tree - Single Version,0
Save That Shit,0
A Holly Jolly Christmas - Single Version,0
The Christmas Song (Merry Christmas To You),0
Christmas Time Is Here - Vocal,0
White Christmas,0
It's Beginning to Look a Lot Like Christmas,0
Carol of the Bells,0
Do They Know It's Christmas? - 1984 Version,0
Feliz Navidad,0
Blue Christmas,0
Codeine Dreaming (feat. Lil Wayne),0
Run Rudolph Run - Single Version,0
Wonderful Christmastime - Remastered 2011 / Edited Version,0
Go Legend (& Metro Boomin),0
sv,1
Bobo,0
Adiós Amor,0
cr,1
Chillax,0
Fever,0
Gyal You A Party Animal,0
Baila Conmigo,0
Dile Que Tu Me Quieres,0
"La Ocasion (feat. Arcangel, Ozuna & Anuel Aa)",0
Too Good,0
Bruk It Dung,0
Bohemian Rhapsody - Remastered 2011,0
All of Me,0
When I Was Your Man,0
Si Tu Novio Te Deja Sola,0
Still Got Time,0
Sign of the Times,0
One Last Time,0
Si No Vuelves,0
Si Tu Lo Dejas,0
100 Años,0
de,1
Ohne mein Team,0
iPhone 17 (feat. Moé),0
Dye My Hair,0
Bonfire,0
What Is Love 2016,0
Wenn sie tanzt,0
The Greatest,0
Capsize,0
Ruhe nach dem Sturm,0
Sing Me to Sleep,0
Meine Posse,0
Heavy (feat. Kiiara),0
Bis hier und noch weiter,0
Passionfruit,0
Chasing Highs,0
LOYALTY. FEAT. RIHANNA.,0
Should Have Been There,0
Whippin (feat. Felix Snow),0
Jim Beam & Voddi,0
Bros,0
Sodom und Gomorrha,0
Michelangelo,0
El Presidente,0
Tabasco,0
Unendlichkeit,0
Outta Control (feat. Hamza),0
Heute mit mir,0
Ovaload,0
Echte Berliner,0
Moonwalk,0
Voll mein Ding (feat. Adel Tawil),0
Bon Voyage,0
Sitzheizung,0
30er Zone,0
24/7,0
Was ist passiert?!,0
Lächeln,0
Numb,0
Knöcheltief,0
Bombay,0
Glaub mir,0
Olé Olé,0
WEIHRAUCH,0
Monica Bellucci,0
Primo,0
Kleiner Cabrón,0
Desert Eagle,0
38,0
Senorita,0
Kogong,0
Zieh' den Rucksack aus,0
Sturmmaske Auf [Intro],0
Zweistellige Haftstrafen,0
Was Du Liebe nennst,0
Daytona,0
Rooftop,0
Soldaten 2.0,0
Sterben kannst du überall,0
Chardonnay,0
Gamechanger,0
Mon Chéri,0
AMG2,0
Merry Christmas Everyone - Remastered,0
Wonderful Dream (Holidays Are Coming) - Radio Version,0
Christmas Time,0
Ave Maria,0
Sag Nix,0
Gjynah,0
cl,1
Noche Loca,0
Sorry - Latino Remix,0
Embriágame,0
Hacerlo de Día,0
Las Fresas - Version Urban,0
Serenata cruel,0
Moviendo Caderas,0
Para dormir contigo otra vez,0
Persiana Americana,0
Sola,0
Hola,0
Only Love,0
A Que No Te Atreves,0
Amárrame,0
El Diablo,0
Diabla - Official Remix,0
Bebé - Remix,0
Te Robo Remix,0
El Gil de Tu Ex,0
Sólo Mía,0
Doble Personalidad,0
La Realidad (Remix),0
Cumpleaños,0
No Quiero Amores,0
Pura Falsedad,0
Pa Pasar El Rato,0
Muy Personal,0
Recuerdos,0
High,0
Move Your Body,0
Juraste,0
jp,1
Wherever you are,0
My Boo,0
Sorry,0
"CAN'T STOP THE FEELING! (Original Song from DreamWorks Animation's ""TROLLS"")",0
NANIMONO (feat. 米津玄師),0
The Mack,0
What Do You Mean?,0
青春の瞬き,0
The Beginning,0
ワタリドリ,0
Kanzen kankaku Dreamer,0
Dream,0
さよならの前に,0
Hymn For The Weekend - Seeb Remix,0
STAY TUNE,0
Rewrite - 2016 Rerecorded,0
A.I. am Human,0
恋音と雨空,0
Choucho Musubi,0
Home,0
R.Y.U.S.E.I.,0
涙のない世界,0
小さな恋のうた,0
愛唄,0
Miracle,0
Kimiga Suki,0
MAGIC,0
My Boo - Acoustic Version,0
キセキ,0
All Day Long Lady,0
We Don’t Need to Talk Anymore,0
We Are,0
Take What You Want (feat. 5 Seconds of Summer),0
Lost in Tonight,0
オードリー,0
Milk Tea,0
"奏(かなで) - ARENA TOUR '07 ""W-ARENA""",0
Faces,0
Future,0
黄熱病 -YELLOW FEVER- × STUTS,0
Blood Sweat & Tears,0
イキツクシ,0
"Someone In The Crowd - From ""La La Land"" Soundtrack",0
"Mia & Sebastian’s Theme - From ""La La Land"" Soundtrack",0
"Herman’s Habit - From ""La La Land"" Soundtrack",0
TT,0
Fighter,0
この闇を照らす光のむこうに,0
Kinsei,0
春夏秋冬,0
J.S.B. LOVE,0
Take No Defeat feat. Santell,0
Come Together,0
はやく逢いたい,0
BABY,0
愛をこめて花束を,0
Shitsurakuen,0
Taiyomo Tsukimo,0
ラビリンス,0
Most Girls,0
WHAT YOU GOT,0
Destiny,0
Kataomoi,0
SIGNAL,0
Shake It Off,0
ラビリンス - Album Mix,0
ひまわりの約束 - evergreen ver.,0
Sukina Hitoga Irukoto,0
RAIN,0
TT - Japanese ver.,0
鱗(うろこ),0
Hanatabanokawarinimelodywo,0
FLY,0
SORA,0
Tda'''Aitakute,0
Yasashisade Afureruyouni,0
Darling Break Free,0
Remember,0
打上花火,0
WanteD! WanteD!,0
ITO,0
LIFE,0
Hana,0
にじいろ,0
普通の今夜のことを ー let tonight be forever remembered ー,0
ONE,0
One More Time,0
AM11:00,0
ステップアップLOVE,0
BIG CITY RODEO,0
LIKEY,0
Story,0
Kimini Todoke,0
Chocolate,0
J.S.B. HAPPINESS,0
I LOVE YOU,0
楓,0
br,1
Meu Coração Deu PT - Ao Vivo,0
Medo Bobo - Ao Vivo,0
Te Assumi Pro Brasil - Ao Vivo,0
Como Faz Com Ela - Ao Vivo,0
E Essa Boca Aí? - Ao Vivo,0
Paredes - Ao Vivo,0
Na Hora da Raiva - Ao Vivo,0
Você Merece Cachê - Ao Vivo,0
Nada Nada - Ao Vivo,0
Pra Sempre Com Você - Ao Vivo,0
Suíte 14 - Ao Vivo,0
Bom,0
Na Ponta Ela Fica,0
Estaca Zero,0
Fala a Verdade - Ao Vivo,0
Quase um Casal - Ao Vivo,0
Incerteza - Na Praia / Ao Vivo,0
O Verão Está Chegando,0
Nada Bom II,0
Fantasma,0
That's My Girl,0
Cheia de Marra,0
Regime Fechado - Ao Vivo,0
Não Me Deixe Sozinho,0
Turutum,0
De Buenas,0
Deixa a Gente Quieto - Ao Vivo,0
Os Anjos Cantam,0
Folgado - Ao Vivo,0
Até Ex Duvida - Ao Vivo,0
Saudade do Meu Ex - Ao Vivo | Acústico,0
Raspão - Ao Vivo,0
A Mala É Falsa - Ao Vivo,0
Amor Mal Resolvido - Ao Vivo,0
Quero Ser Feliz Também - Ao Vivo,0
Amei Te Ver (Acústica) - Acústica,0
"Dia, Lugar e Hora",0
Oitava Dose - Na Praia 2 / Ao Vivo,0
Rg,0
Loka,0
Você Partiu Meu Coração,0
Ciumento Eu - Ao Vivo,0
Amante Não Tem Lar - Ao Vivo,0
De Quem É a Culpa? - Ao Vivo,0
Todo Dia,0
Sorte Que Cê Beija Bem - Ao Vivo,0
A Gente Tá Se Amando - Ao Vivo,0
Trevo (Tu),0
"Vish, Aff, Putz, Nossa",0
Se o Amor Tiver Lugar,0
Solteiro Apaixonado,0
Acordando o Prédio,0
Vidinha de Balada - Ao Vivo,0
Ninguém É de Ferro,0
Ficadinha - Ao Vivo,0
A Nossa Praia - Ao Vivo,0
Quem Mando Tu Terminar? (To Bonito To Né?),0
Do Teto Ao Chão - Ao Vivo,0
Automaticamente,0
Papel Amassado - Ao Vivo,0
Fuego,0
Exclusividade - Ao Vivo,0
"Qual Bumbum Mais Bate, Qual Bumbum Mais Pula",0
"Mordida, Beijo e Tapa",0
Vai Embrazando,0
O Grave Bater,0
Chave Cópia - Ao Vivo,0
Open The Tcheka,0
Grave Faz Bum,0
K.O.,0
Medida Certa,0
Never Let Me Go,0
Sua Amiga Vou Pegar,0
Switch,0
Deixe Me Ir - Acústico,0
Nessas Horas - Ao Vivo,0
Tchau e Bença,0
Cê Acredita,0
Paradinha,0
Sua Cara (feat. Anitta & Pabllo Vittar),0
Cara Bacana,0
Ar-Condicionado No 15 - Ao Vivo,0
Avisa Que Eu Cheguei - Ao Vivo,0
Fazer Falta,0
4 da manhã,0
Ressaca de Saudade - Ao Vivo,0
Esqueci Como Namora,0
Pode Se Soltar,0
Oh Nanana,0
Corpo Sensual,0
Lei do Retorno,0
A Gente Brigou,0
Era uma Vez,0
De Trás Pra Frente - Ao Vivo,0
Aquela Pessoa - Ao Vivo,0
Meu Amor - Ao Vivo,0
Mais Amor e Menos Drama - Ao Vivo,0
Menina Pipoco,0
Coração de Aço,0
Villamix (Suave),0
Mentalmente - Ao Vivo,0
Encaixa,0
"Opa, Opa",0
À Vontade,0
Tic Tac,0
Rapariga Não - Ao Vivo,0
Cê Acredita - Ao Vivo,0
Reggaetón Lento (Remix),0
Cobertor de Orelha - Ao Vivo,0
Se é pra Gente Ficar,0
Esse Dom,0
Eu Vou Te Buscar (Cha La La La La),0
Na Conta Da Loucura - Ao Vivo,0
Abusadamente,0
Qual Bumbum Mais Bate,0
Agora Vai Sentar,0
De Copo Em Copo - Ao Vivo,0
Você Não Vale Nada,0
Terapinga - Ao Vivo,0
Coisa de Deus - Ao Vivo,0
Saudade do Caramba - Ao Vivo,0
Quase - Ao Vivo,0
Ritmo Mexicano,0
Big Jet Plane,0
Bom Rapaz - Ao Vivo,0
Pesadão (Participação especial Marcelo Falcão),0
Is That For Me,0
Road,0
Fica - Bonus Track,0
Eu Vacilei Mas Eu Te Amo,0
Aquecimento das Potrancas,0
Amigo Taxista,0
Dona Maria,0
Se Eu Tiver Solteiro,0
Cheguei Pra Te Amar,0
Amor Da Sua Cama,0
Contrato,0
Noites Frustradas - Ao Vivo,0
Enquadra,0
Com Amor Não Se Brinca - Ao Vivo,0
Amar Amei,0
Permanecer,0
Troféu do Ano,0
Cold (feat. Future),0
Azul Piscina,0
Mulherão da Porra,0
Deixa Ela Beijar,0
Transplante,0
Rabiola,0
Apelido Carinhoso,0
Check-In,0
hn,1
Me Mata,0
Me Emborrachare - Bachata Radio Edit,0
El Color de Tus Ojos,0
Ahora Se,0
gt,1
Tengo Que Colgar,0
Amor y dolor,0
Ya No Me Duele Más - Remix,0
Ella,0
Sobredosis,0
Probablemente,0
ch,1
Musik sein,0
Lost Boy,0
An ihnen vorbei,0
Reminder,0
I Miss You,0
Magic,0
Be The One,0
Save Myself,0
Feel Good (feat. Daya),0
All Night (feat. Knox Fortune),0
Little Hollywood,0
ELEMENT.,0
Louis Louis,0
Du,0
Telefon,0
Na Na Na,0
hu,1
ca,1
Cold Water (feat. Justin Bieber & MØ),0
Deja Vu,0
I Took A Pill In Ibiza - Seeb Remix,0
OOOUUU,0
Sidewalks,0
No Heart,0
No Problem (feat. Lil Wayne & 2 Chainz),0
Immortal,0
Rockin’,0
Tiimmy Turner,0
True Colors,0
Lights Out,0
All I Know,0
Money Longer,0
Back To Back,0
Who Do You Love,0
Castro,0
Too Many Years,0
Get Right Witcha,0
Trouble,0
Madiba Riddim,0
Glow,0
Skepta Interlude,0
Nothings Into Somethings,0
Wild One,0
Come Closer,0
Get What You Give,0
GOD.,0
"Gang Up (with Young Thug, 2 Chainz & Wiz Khalifa feat. PnB Rock)",0
wokeuplikethis*,0
"My Love (feat. Major Lazer, WizKid, Dua Lipa)",0
High Without Your Love,0
Mask Off - Remix,0
Uh Huh,0
Extra Luv,0
Parallel Lines,0
A Lie,0
Perfect Timing (Intro),0
Complicated (feat. Kiiara),0
Summer Air,0
UnFazed (feat. The Weeknd),0
Beast Mode (feat. PnB Rock & YoungBoy Never Broke Again),0
I Just Can't,0
Curve (feat. The Weeknd),0
The Last Of The Real Ones,0
pe,1
Tienes La Magia,0
This Is What You Came For,0
Bailame Despacio,0
Love Yourself,0
Me llamas,0
Tu de Que Vas,0
No Money,0
Cuando Acaba el Placer,0
Propuesta Indecente,0
Si Me Dices Que Si (feat. Nicky Jam),0
Amame una Vez Más,0
Loco,0
Vente Pa' Ca - Urban Remix,0
Olvídame y Pega la Vuelta,0
Quédate - Remix,0
Lo Que Tengo Yo,0
La Cómplice,0
Deja vu,0
Ganas Locas,0
Tu Falta De Querer,0
No Te Hagas,0
Historia Entre Tus Dedos,0
Bailame despacio - Piso 21 Remix,0
Kung Fu,0
Mi Historia Entre Tus Dedos,0
Por Ese Hombre,0
be,1
Afraid,0
Wake Up Where You Are,0
I Need You,0
All Or Nothing,0
"City Of Stars - From ""La La Land"" Soundtrack",0
Misère,0
Je m'en vais,0
I'll Catch You - Original Mix,0
Range Sessie,0
Beckham,0
Kangoeroe,0
Speciaal,0
Slecht Blijft (Bonus),0
La vie est belle,0
Alleen,0
Africa,0
On My Mind,0
Zo Bijzonder - Uit Liefde Voor Muziek,0
Krantenwijk,0
Loterij,0
Lonely Place,0
If I'm Lucky,0
Chasse à l'homme,0
Zina,0
Patsergedrag,0
Wiesegaidanie,0
Quand est-ce que ça s'arrête,0
Ma Chérie,0
In The Mood (feat. Veronica),0
Crowd Control - Radio Edit,0
Crazy,0
You Have A Heart,0
Real Friends,0
my,1
Segalanya,0
LAST DANCE,0
"Sit Still, Look Pretty",0
Cake By The Ocean,0
Who are you,0
A Thousand Years,0
The Reason,0
Fall for You (Acoustic),0
You are so beautiful,0
Issues,0
Menahan Rindu,0
Spring Day,0
Sabar,0
Dreamer,0
Jampi,0
Kissing Strangers,0
Tergantung Sepi,0
Hands,0
Stay With You,0
Pesan,0
Chentaku (feat. SonaOne),0
Selamat hari raya,0
Zalikha,0
As If It's Your Last,0
Where The Love Goes,0
Asal Kau Bahagia,0
Rapuh,0
Luluh,0
Terus Mencintai,0
Demi Kita,0
Stay Young,0
Find You,0
Go Go,0
Kasih,0
Tak Tau Malu,0
Nobody Compares To You,0
Sandiwara,0
First Love,0
"Sesungguhnya Aku - From ""Red Velvet"" Soundtrack",0
Terasa Ada,0
Good Together,0
피카부 Peek-A-Boo,0
Surat Cinta Untuk Starla,0
Bunga,0
Pematah Hati,0
Pinjamkan Hatiku,0
Ain't That Why,0
dk,1
Guld Jul,0
Fokus,0
Play With You,0
Watching You,0
Banken,0
Only You,0
SPK,0
Paradise (with Olivia Holt),0
Det' Så Svært,0
Habibi Aiwa,0
Help Me Help You (feat. Why Don't We),0
Rica,0
Camilla,0
Al Fuego,0
Justin,0
Følelsen,0
Comme Ci Comme Ça,0
Gi Mig Det Hele,0
Top 10,0
Ride Around (feat. Conor Darvid),0
JACKPOT,0
When I Was Young,0
Skyldig,0
Den Bedste Julesang Ever,0
Lille store verden - Bonus Track,0
My Only Wish (This Year),0
I En Stjerneregn Af Sne,0
Jesus & Josefine,0
Let Love Be Love,0
Der' noget i december - Bonus Track,0
Indifférent,0
Ensom,0
Jul i Angora,0
Drømte Mig En Lille Drøm,0
Jul Det' Cool,0
Pakken,0
Tinka,0
Underneath the Tree,0
Når Sneen Falder,0
Jul På Vesterbro,0
Shake up Christmas,0
Mary's Boy Child / Oh My Lord,0
Thank God It's Christmas - Non-Album Single,0
Kold December,0
It's Hard to Be a Nissemand,0
Den Himmelblå,0
Ca Ca,0
Endelig Jul Igen,0
Finally It's Christmas Again,0
Stilen Lagt,0
UPN,0
bo,1
Gyal You A Party Animal - Remix,0
pl,1
Never Be Like You,0
Call On Me - Ryan Riback Remix,0
Move Your Body - Alan Walker Remix,0
Start A Fire,0
"A Lovely Night - From ""La La Land"" Soundtrack",0
Arabska noc,0
What You Do,0
Bumerang,0
Noc w noc,0
Hypebae,0
Half Dead,0
Candy,0
I Don’t Know Why,0
#CTZK,0
Nostalgia,0
I.S.W.T,0
Got U (Ready or Not),0
Nowy Kolor feat. Taco Hemingway,0
Eldorado,0
Dobry moment,0
Nowy Kolor,0
Nie / nie,0
AHA,0
Jingle Bell Rock from Daryl,0
at,1
Jedermann,0
Without Me,0
Eine ins Leben,0
Original,0
Lost In You,0
Kontrollieren,0
Der Pate,0
City Lights,0
Words,0
Sun Comes Up,0
mama,0
Andere Liga,0
Columbo,0
Schnell machen,0
Do They Know It's Christmas? - 2014,0
pt,1
Ca Bu Fla Ma Nau,0
Mo Boy,0
Protagonista,0
Se Não Acordar Amanhã,0
Não Se Passa Nada,0
Não Queiras Tentar,0
Aclara,0
A Nossa Vez,0
FEEL.,0
Heaven,0
Filho da Guida,0
Fácil,0
Walking The Wire,0
Espera,0
Aleluia,0
Cheguei,0
Já Passa,0
Esfrega Esfrega,0
Maluco,0
Oquelávai,0
Não Faz Isso,0
Salto Alto,0
Cala a Boca,0
O Clima,0
A Vida Toda,0
Certidão de Óbito,0
R.I.P Holly Hood,0
se,1
Vet att du vill ha mig (feat. Kevin),0
Panda,0
Run Run Run,0
Säga mig,0
Falling,0
Amare,0
A Million Years,0
Waterfall,0
Hey Mamma - Radio Edit,0
Hey Baby,0
Helt seriöst,0
La Colegiala,0
Don't Quit,0
Jag får inte nog,0
Friend Of Mine (feat. Vargas & Lagola),0
You Be Love (feat. Billy Raffoul),0
What Would I Change It To (feat. AlunaGeorge),0
Pari,0
Tänd ett ljus,0
Mer jul,0
Julen är här,0
Välkommen hem,0
Juligen,0
Christmas (Baby Please Come Home),0
Nu tändas tusen juleljus,0
O helga natt,0
Decembernatt (Halleluja),0
Så mörk är natten i midvintertid,0
Jag kommer hem igen till jul,0
"Jul, jul strålande jul",0
Kärleksvisan,0
Treading Water,0
mx,1
Me Vas a Extrañar,0
Solo Con Verte,0
Ahora Te Puedes Marchar,0
No Lo Hice Bien,0
Locos,0
¿Por Que Me Enamoré?,0
Brillas,0
Te Deseo Lo Mejor,0
Culpable Tu,0
Cocoon,0
Encantadora - Remix,0
Sex,0
El Paciente,0
Me Dediqué a Perderte,0
Durmiendo en el Lugar Equivocado,0
Te Regalo,0
On My Way,0
Devuelveme a mi chica,0
Para Qué Lastimarme,0
Mi Buen Amor,0
Esta Noche Se Me Olvida,0
Por Enamorarme,0
En Definitiva,0
Y Cambió Mi Suerte,0
Regálame,0
Amigos No por Favor (Primera Fila) - En Vivo,0
Las Cosas No Se Hacen Así,0
Recuérdame,0
Entre Beso Y Beso,0
Un Poco Loco,0
Llamarada,0
pa,1
Shape of You (Latin Remix) [feat. Zion & Lennox],0
Una Flor,0
Rock Your Body,0
uy,1
Carnavalintro,0
Pasarla Bien,0
Comerte a Besos (feat. Cande Buasso),0
El Equivocado,0
Te Vas,0
Hello,0
A las Nueve,0
Bajito No,0
Me Quedo Con Vos,0
Tequila Pa la Razon,0
Lo Que Pasa en la Noche,0
Tengo un vicio,0
La Tonta,0
Dure Dure,0
No Le Hablen de Amor (Remix),0
Me Descontrola,0
Negarlo Todo,0
Mayor Que Yo,0
Unforgettable - Latin Remix,0
Vive Y Disfruta,0
Maldición,0
"Lean (feat. Towy, Osquel, Beltito & Sammy & Falsetto)",0
Casa Sola,0
Ropa Interior,0
Boom Boom,0
Se Olvidó Y Bailó,0
Por Favor - Spanglish Version,0
Como Va,0
Hechizo Caliente,0
Que Fui Tu Amante,0
Me provoca (Noche loca),0
is,1
Bammbaramm,0
Paper,0
Hvað með það?,0
Ár Eftir Ár,0
Tala Saman,0
O Shit,0
Ég Vil Það,0
Leika,0
B.O.B.A.,0
Sagan Af Okkur,0
Spurðu Um Mig,0
Græða Peninginn,0
Já ég veit,0
Snjókorn falla,0
Ef ég nenni,0
Ég hlakka svo til,0
Jólin eru að koma,0
Þú komst með jólin til mín,0
Eitt lítið jólalag,0
Snæfinnur snjókarl,0
"Nei, nei, ekki um jólin",0
Gleðileg jól (allir saman),0
Komdu um jólin,0
Dansaðu vindur,0
Jólahjól,0
Ég sá mömmu kyssa jólasvein,0
Jólastund,0
Stúfur,0
Hátíð í bæ,0
Labbilabb,0
Lítur Allt Út Fyrir Það,0
Ungir Strákar - Deep Mix,0
Trappa,0
Ísköld,0
Alltof Hratt,0
Ástarsaga,0
es,1
Ya Me Enteré (feat. Nicky Jam) - Urban Version,0
Hasta el Amanecer,0
Bailar - Radio Edit,0
Sirenas,0
Necesito Ayuda,0
La Mala Y La Buena,0
Qué Gano Olvidándote - Versión Urbana,0
Playa y Arena (Remix),0
Si no estas (feat. Dynell) - Remix,0
Desafio (feat. Maluma),0
Me Quema,0
Quiero Que Vuelvas,0
Fiebre,0
Antes de Morirme (feat. Rosalía),0
Dueles,0
Ahora Lloras Tú,0
El Chisme (feat. J Alvarez & Kevin Roldan) - Remix,0
Vacaciones - Remix,0
"Rápido, Brusco, Violento",0
Quiéreme,0
La isla del Amor (feat. Maki),0
Solo Si Es Contigo (feat. Bebe),0
Tú Me Obligaste,0
"Y, ¿Si Fuera Ella? - + Es +",0
"Yo Contigo, Tú Conmigo - The Gong Gong Song / El Tema De La Película ""Gru 3 Mi Villano Favorito""",0
Ni Tú Ni Yo,0
Mi Casa,0
Esencial,0
Saturno,0
Invisible,0
Mala Mujer - Remix,0
La isla del amor - RMX,0
La Llamada,0
De Pie,0
Me Haces Falta,0
City Of Stars - Operación Triunfo 2017,0
El Patio,0
cz,1
Caroline,0
Druhá Tvář (feat. T-Jay),0
Program,0
Nescafé,0
Vanoce Na Miru,0
Runway,0
ie,1
Oh Lord,0
Take My Hand,0
Should've Been Me,0
Find Me,0
Love$ick,0
Text From Your Ex (feat. Tinashe),0
Shooting Stars,0
"Blinded By Your Grace, Pt. 2 (feat. MNEK)",0
Breathe,0
Chanel,0
Best Behaviour,0
Free Smoke,0
Never Change,0
Up In Here,0
Everything I Need,0
More Than Friends (feat. Kelli-Leigh),0
Memory Lane (feat. Tom Grennan),0
Either Way,0
SUBEME LA RADIO REMIX,0
Finders Keepers,0
Addicted to You,0
Cola,0
17,0
Heavy,0
IDGAF,0
Burning,0
Sucker for You,0
Decline,0
Is Your Love Enough?,0
I Know You,0
Sleigh Ride,0
Dimelo - X Factor Recording,0
nl,1
Meester Plusser,0
Volgende Stap,0
Paperchase,0
Eng,0
Used To Have It All,0
Shout Out to My Ex,0
Don't Be So Shy - Filatov & Karas Remix,0
Energie,0
Zonde (feat. Brace & Kevcody),0
Concreet,0
Een Dief Als Broer,0
Try Again,0
Salam,0
Werken,0
Aslan,0
Zeg Mij,0
Be Mine,0
Open (feat. Moksi & Jonna Fraser),0
Qifesh,0
Another Life,0
Come Again,0
Traag,0
Zoutelande,0
Badman Flex,0
Net Iets Meer,0
Cartier,0
Jij & Ik,0
Is Dit Over,0
On Lock,0
Lovely Body,0
Heethoofd,0
Yes!,0
Vaderland,0
Mowgli,0
Vannacht (feat. Wolter Kroes),0
Mood For Lovin',0
Op De Weg,0
Saaf Slaaf,0
Hyena (feat. Lijpe),0
Gewaarschuwd,0
Mind Made Up,0
Omhoog/Away,0
Ride Or Die,0
Money Money,0
In Amsterdam,0
Vervloekt,0
Architect,0
Love Song,0
#JM,0
Officieel,0
Merry,0
16 Million,0
Op Me Monnie,0
Stop Met Typen,0
Tranquille,0
Littekens,0
VROOM,0
Blijf Bij Mij,0
Coño,0
Homesick,0
sk,1
co,1
Ya No Me Duele Más,0
Te Mando Flores,0
Por un Beso de Tu Boca,0
Brindemos,0
Aguardiente,0
sg,1
Treat You Better,0
告白氣球,0
PLAYING WITH FIRE,0
Fast Car,0
不該,0
WHISTLE,0
修煉愛情,0
小幸運,0
Dancing On My Own,0
晴天,0
A Sky Full of Stars,0
Little Do You Know,0
Round and round (feat. Han Suji),0
Viva La Vida,0
Palette (Feat. G-DRAGON),0
Black Suit,0
id,1
Pelangi,0
Untuk Perempuan Yang Sedang Di Pelukan,0
Dat $tick,0
Dari Mata,0
You,0
Untitled,0
Cinta Dan Rahasia,0
Sempurna,0
Slow,0
Dan...,0
Dekat Di Hati,0
YOUTH,0
Manusia Bodoh,0
The Man Who Can't Be Moved,0
1000 Tahun Lamanya,0
Monokrom,0
Kangen,0
Pulang,0
Seperti Yang Kau Minta,0
美女と野獣,0
Seberapa Pantas,0
Resah,0
Mata Ke Hati (Acoustic Version),0
Kasmaran,0
Remaja,0
Anganku Anganmu,0
Cukup Tau,0
"Sekali Lagi (from ""Critical Eleven"")",0
Usai Di Sini,0
Aku Tenang,0
Muara,0
Sayang,0
Fana Merah Jambu,0
Hitam Putih,0
Akad,0
Ko Ko Bop,0
"Yang Patah Tumbuh, Yang Hilang Berganti",0
Cerita Tentang Gunung Dan Laut (Live),0
Glow Like Dat,0
Best Part (feat. H.E.R.),0
Jaran Goyang,0
Sampai Jadi Debu (Menampilkan Gardika Gigih),0
Kau Yang Sembunyi,0
Hampa,0
Tukar Jiwa,0
Benar Nyata,0
Best Part,0
Get It Right (feat. MØ),0
Melawan Dunia,0
Both of Us,0
do,1
Vas a Repetirlo,0
Pa Ti,0
Amigos y Enemigos - Remix,0
La Última Vez,0
Premio,0
Doble Filo,0
El Motorcito,0
Solos (feat. Lary Over),0
La Pegajosa,0
Lean,0
Tembeleke,0
Pin Pon,0
Dale Vieja Dale,0
Me Subo Arriba,0
Limonada Coco,0
Siga Boyando - No Tamo en Gente,0
Knock Out,0
Prima Tecata,0
Bye Bye,0
El Final Remix,0
Marianela,0
Tacos Altos,0
Party de Popis,0
Limonada Coco - Remix,0
lu,1
gb,1
Mr. Brightside,0
Broccoli (feat. Lil Yachty),0
Not In Love,0
On Hold,0
Sacrifices,0
Teenage Fever,0
Ice Melts,0
Bouff Daddy,0
Bestie,0
Hurtin' Me,0
On My Mind (Jorja Smith X Preditah),0
No Words,0
"Bad (feat. Yungen, MoStack, Mr Eazi & Not3s)",0
I Wish It Could Be Christmas Everyday,0
Step Into Christmas,0
Barking,0
global,1
The Ocean,0
4 AM,0
Perplexing Pegasus,0
py,1
Deu Onda,0
El Sistema Solar (En Vivo),0
La Gozadera,0
Cada Dia (feat. Emiliano Brancciari),0
Nunca Me Olvides,0
Negrita,0
Que Tengo Que Hacer,0
No Pare,0
Desperte Sin Ti (Remix),0
Amaneció lloviendo,0
Prepago,0
Senta Porra,0
au,1
After The Afterparty (feat. Lil Yachty),0
Frozen,0
On Your Side,0
Send My Love (To Your New Lover),0
Ni**as In Paris,0
Move Your Body - Single Mix,0
Jungle (Radio Edit),0
In Your Arms,0
Keep Me Crazy,0
Privacy,0
Hotel,0
The Louvre,0
Lay It On Me,0
Chateau,0
NUMB,0
Anyway,0
Go Bang,0
lv,1
gr,1
Για Κάποιο Λόγο,0
